-- --------------------------------------------------------
-- Host:                         127.0.0.1
-- Versión del servidor:         10.4.32-MariaDB - mariadb.org binary distribution
-- SO del servidor:              Win64
-- HeidiSQL Versión:             12.17.0.7270
-- --------------------------------------------------------

/*!40101 SET @OLD_CHARACTER_SET_CLIENT=@@CHARACTER_SET_CLIENT */;
/*!40101 SET NAMES utf8 */;
/*!50503 SET NAMES utf8mb4 */;
/*!40103 SET @OLD_TIME_ZONE=@@TIME_ZONE */;
/*!40103 SET TIME_ZONE='+00:00' */;
/*!40014 SET @OLD_FOREIGN_KEY_CHECKS=@@FOREIGN_KEY_CHECKS, FOREIGN_KEY_CHECKS=0 */;
/*!40101 SET @OLD_SQL_MODE=@@SQL_MODE, SQL_MODE='NO_AUTO_VALUE_ON_ZERO' */;
/*!40111 SET @OLD_SQL_NOTES=@@SQL_NOTES, SQL_NOTES=0 */;


-- Volcando estructura de base de datos para estacion
DROP DATABASE IF EXISTS `estacion`;
CREATE DATABASE IF NOT EXISTS `estacion` /*!40100 DEFAULT CHARACTER SET utf8mb4 COLLATE utf8mb4_general_ci */;
USE `estacion`;

-- Volcando estructura para tabla estacion.costos_generacion
DROP TABLE IF EXISTS `costos_generacion`;
CREATE TABLE IF NOT EXISTS `costos_generacion` (
  `id` int(11) NOT NULL AUTO_INCREMENT,
  `medicion_id` int(11) DEFAULT NULL,
  `MW_generados` decimal(15,2) DEFAULT NULL,
  `costo_estimado_ars` decimal(15,2) DEFAULT NULL,
  `fecha_calculo` date DEFAULT NULL,
  PRIMARY KEY (`id`),
  KEY `medicion_id` (`medicion_id`),
  CONSTRAINT `costos_generacion_ibfk_1` FOREIGN KEY (`medicion_id`) REFERENCES `medicion` (`id`) ON DELETE CASCADE
) ENGINE=InnoDB AUTO_INCREMENT=256 DEFAULT CHARSET=utf8mb4 COLLATE=utf8mb4_general_ci;

-- Volcando datos para la tabla estacion.costos_generacion: ~155 rows (aproximadamente)
INSERT INTO `costos_generacion` (`id`, `medicion_id`, `MW_generados`, `costo_estimado_ars`, `fecha_calculo`) VALUES
	(1, 1, 476.39, 47639000.00, '2026-05-01'),
	(2, 29, 232.35, 23235000.00, '2026-04-30'),
	(3, 57, 717.94, 71794000.00, '2026-04-29'),
	(4, 85, 288.86, 28886000.00, '2026-04-28'),
	(5, 113, 495.02, 49502000.00, '2026-04-27'),
	(6, 141, 492.68, 49268000.00, '2026-04-26'),
	(7, 169, 420.07, 42007000.00, '2026-04-25'),
	(8, 197, 257.27, 25727000.00, '2026-04-24'),
	(9, 225, 200.85, 20085000.00, '2026-04-23'),
	(10, 253, 607.99, 60799000.00, '2026-04-22'),
	(11, 281, 217.62, 21762000.00, '2026-04-21'),
	(12, 309, 642.60, 64260000.00, '2026-04-20'),
	(13, 337, 710.97, 71097000.00, '2026-04-19'),
	(14, 365, 643.51, 64351000.00, '2026-04-18'),
	(15, 393, 281.77, 28177000.00, '2026-04-17'),
	(16, 421, 559.47, 55947000.00, '2026-04-16'),
	(17, 449, 775.11, 77511000.00, '2026-04-15'),
	(18, 477, 403.75, 40375000.00, '2026-04-14'),
	(19, 505, 272.36, 27236000.00, '2026-04-13'),
	(20, 533, 294.80, 29480000.00, '2026-04-12'),
	(21, 561, 578.39, 57839000.00, '2026-04-11'),
	(22, 589, 205.68, 20568000.00, '2026-04-10'),
	(23, 617, 717.77, 71777000.00, '2026-04-09'),
	(24, 645, 228.35, 22835000.00, '2026-04-08'),
	(25, 673, 577.61, 57761000.00, '2026-04-07'),
	(26, 701, 745.03, 74503000.00, '2026-04-06'),
	(27, 729, 306.06, 30606000.00, '2026-04-05'),
	(28, 757, 568.88, 56888000.00, '2026-04-04'),
	(29, 785, 507.69, 50769000.00, '2026-04-03'),
	(30, 813, 372.03, 37203000.00, '2026-04-02'),
	(31, 841, 536.19, 53619000.00, '2026-04-01'),
	(32, 2, 731.63, 73163000.00, '2026-05-01'),
	(33, 30, 430.76, 43076000.00, '2026-04-30'),
	(34, 58, 272.45, 27245000.00, '2026-04-29'),
	(35, 86, 593.03, 59303000.00, '2026-04-28'),
	(36, 114, 456.84, 45684000.00, '2026-04-27'),
	(37, 142, 271.53, 27153000.00, '2026-04-26'),
	(38, 170, 799.69, 79969000.00, '2026-04-25'),
	(39, 198, 632.90, 63290000.00, '2026-04-24'),
	(40, 226, 581.60, 58160000.00, '2026-04-23'),
	(41, 254, 569.21, 56921000.00, '2026-04-22'),
	(42, 282, 694.67, 69467000.00, '2026-04-21'),
	(43, 310, 748.08, 74808000.00, '2026-04-20'),
	(44, 338, 795.51, 79551000.00, '2026-04-19'),
	(45, 366, 720.37, 72037000.00, '2026-04-18'),
	(46, 394, 305.07, 30507000.00, '2026-04-17'),
	(47, 422, 263.85, 26385000.00, '2026-04-16'),
	(48, 450, 596.81, 59681000.00, '2026-04-15'),
	(49, 478, 768.64, 76864000.00, '2026-04-14'),
	(50, 506, 776.23, 77623000.00, '2026-04-13'),
	(51, 534, 283.98, 28398000.00, '2026-04-12'),
	(52, 562, 342.81, 34281000.00, '2026-04-11'),
	(53, 590, 711.62, 71162000.00, '2026-04-10'),
	(54, 618, 421.50, 42150000.00, '2026-04-09'),
	(55, 646, 288.98, 28898000.00, '2026-04-08'),
	(56, 674, 766.45, 76645000.00, '2026-04-07'),
	(57, 702, 798.10, 79810000.00, '2026-04-06'),
	(58, 730, 404.48, 40448000.00, '2026-04-05'),
	(59, 758, 611.52, 61152000.00, '2026-04-04'),
	(60, 786, 750.01, 75001000.00, '2026-04-03'),
	(61, 814, 397.66, 39766000.00, '2026-04-02'),
	(62, 842, 475.82, 47582000.00, '2026-04-01'),
	(63, 3, 228.97, 22897000.00, '2026-05-01'),
	(64, 31, 656.75, 65675000.00, '2026-04-30'),
	(65, 59, 208.45, 20845000.00, '2026-04-29'),
	(66, 87, 698.59, 69859000.00, '2026-04-28'),
	(67, 115, 599.14, 59914000.00, '2026-04-27'),
	(68, 143, 279.59, 27959000.00, '2026-04-26'),
	(69, 171, 738.26, 73826000.00, '2026-04-25'),
	(70, 199, 392.69, 39269000.00, '2026-04-24'),
	(71, 227, 305.42, 30542000.00, '2026-04-23'),
	(72, 255, 222.06, 22206000.00, '2026-04-22'),
	(73, 283, 220.48, 22048000.00, '2026-04-21'),
	(74, 311, 412.59, 41259000.00, '2026-04-20'),
	(75, 339, 444.64, 44464000.00, '2026-04-19'),
	(76, 367, 271.31, 27131000.00, '2026-04-18'),
	(77, 395, 480.04, 48004000.00, '2026-04-17'),
	(78, 423, 640.84, 64084000.00, '2026-04-16'),
	(79, 451, 458.69, 45869000.00, '2026-04-15'),
	(80, 479, 631.93, 63193000.00, '2026-04-14'),
	(81, 507, 464.05, 46405000.00, '2026-04-13'),
	(82, 535, 335.50, 33550000.00, '2026-04-12'),
	(83, 563, 378.88, 37888000.00, '2026-04-11'),
	(84, 591, 341.09, 34109000.00, '2026-04-10'),
	(85, 619, 354.21, 35421000.00, '2026-04-09'),
	(86, 647, 559.85, 55985000.00, '2026-04-08'),
	(87, 675, 699.43, 69943000.00, '2026-04-07'),
	(88, 703, 355.39, 35539000.00, '2026-04-06'),
	(89, 731, 304.22, 30422000.00, '2026-04-05'),
	(90, 759, 550.95, 55095000.00, '2026-04-04'),
	(91, 787, 227.01, 22701000.00, '2026-04-03'),
	(92, 815, 672.21, 67221000.00, '2026-04-02'),
	(93, 843, 570.56, 57056000.00, '2026-04-01'),
	(94, 4, 549.94, 54994000.00, '2026-05-01'),
	(95, 32, 591.48, 59148000.00, '2026-04-30'),
	(96, 60, 624.90, 62490000.00, '2026-04-29'),
	(97, 88, 313.83, 31383000.00, '2026-04-28'),
	(98, 116, 225.18, 22518000.00, '2026-04-27'),
	(99, 144, 383.39, 38339000.00, '2026-04-26'),
	(100, 172, 492.20, 49220000.00, '2026-04-25'),
	(101, 200, 464.76, 46476000.00, '2026-04-24'),
	(102, 228, 782.33, 78233000.00, '2026-04-23'),
	(103, 256, 402.68, 40268000.00, '2026-04-22'),
	(104, 284, 618.42, 61842000.00, '2026-04-21'),
	(105, 312, 218.71, 21871000.00, '2026-04-20'),
	(106, 340, 236.66, 23666000.00, '2026-04-19'),
	(107, 368, 795.46, 79546000.00, '2026-04-18'),
	(108, 396, 685.01, 68501000.00, '2026-04-17'),
	(109, 424, 412.67, 41267000.00, '2026-04-16'),
	(110, 452, 303.03, 30303000.00, '2026-04-15'),
	(111, 480, 653.75, 65375000.00, '2026-04-14'),
	(112, 508, 391.58, 39158000.00, '2026-04-13'),
	(113, 536, 625.58, 62558000.00, '2026-04-12'),
	(114, 564, 665.98, 66598000.00, '2026-04-11'),
	(115, 592, 570.58, 57058000.00, '2026-04-10'),
	(116, 620, 306.52, 30652000.00, '2026-04-09'),
	(117, 648, 532.33, 53233000.00, '2026-04-08'),
	(118, 676, 397.80, 39780000.00, '2026-04-07'),
	(119, 704, 382.67, 38267000.00, '2026-04-06'),
	(120, 732, 707.65, 70765000.00, '2026-04-05'),
	(121, 760, 720.19, 72019000.00, '2026-04-04'),
	(122, 788, 485.00, 48500000.00, '2026-04-03'),
	(123, 816, 768.07, 76807000.00, '2026-04-02'),
	(124, 844, 625.32, 62532000.00, '2026-04-01'),
	(125, 5, 662.81, 66281000.00, '2026-05-01'),
	(126, 33, 787.14, 78714000.00, '2026-04-30'),
	(127, 61, 499.12, 49912000.00, '2026-04-29'),
	(128, 89, 473.39, 47339000.00, '2026-04-28'),
	(129, 117, 328.48, 32848000.00, '2026-04-27'),
	(130, 145, 278.17, 27817000.00, '2026-04-26'),
	(131, 173, 646.25, 64625000.00, '2026-04-25'),
	(132, 201, 345.71, 34571000.00, '2026-04-24'),
	(133, 229, 395.36, 39536000.00, '2026-04-23'),
	(134, 257, 547.24, 54724000.00, '2026-04-22'),
	(135, 285, 430.64, 43064000.00, '2026-04-21'),
	(136, 313, 255.77, 25577000.00, '2026-04-20'),
	(137, 341, 249.38, 24938000.00, '2026-04-19'),
	(138, 369, 563.35, 56335000.00, '2026-04-18'),
	(139, 397, 584.92, 58492000.00, '2026-04-17'),
	(140, 425, 540.84, 54084000.00, '2026-04-16'),
	(141, 453, 539.07, 53907000.00, '2026-04-15'),
	(142, 481, 572.95, 57295000.00, '2026-04-14'),
	(143, 509, 365.74, 36574000.00, '2026-04-13'),
	(144, 537, 721.39, 72139000.00, '2026-04-12'),
	(145, 565, 793.26, 79326000.00, '2026-04-11'),
	(146, 593, 429.61, 42961000.00, '2026-04-10'),
	(147, 621, 270.00, 27000000.00, '2026-04-09'),
	(148, 649, 782.07, 78207000.00, '2026-04-08'),
	(149, 677, 290.69, 29069000.00, '2026-04-07'),
	(150, 705, 647.17, 64717000.00, '2026-04-06'),
	(151, 733, 625.60, 62560000.00, '2026-04-05'),
	(152, 761, 548.13, 54813000.00, '2026-04-04'),
	(153, 789, 343.96, 34396000.00, '2026-04-03'),
	(154, 817, 423.71, 42371000.00, '2026-04-02'),
	(155, 845, 614.93, 61493000.00, '2026-04-01');

-- Volcando estructura para tabla estacion.estacion
DROP TABLE IF EXISTS `estacion`;
CREATE TABLE IF NOT EXISTS `estacion` (
  `id` int(11) NOT NULL AUTO_INCREMENT,
  `nombre` varchar(100) NOT NULL,
  `latitud` decimal(10,8) NOT NULL,
  `longitud` decimal(11,8) NOT NULL,
  `localidad` varchar(100) DEFAULT NULL,
  `provincia` varchar(100) DEFAULT NULL,
  `pais` varchar(100) DEFAULT 'Argentina',
  PRIMARY KEY (`id`)
) ENGINE=InnoDB AUTO_INCREMENT=6 DEFAULT CHARSET=utf8mb4 COLLATE=utf8mb4_general_ci;

-- Volcando datos para la tabla estacion.estacion: ~5 rows (aproximadamente)
INSERT INTO `estacion` (`id`, `nombre`, `latitud`, `longitud`, `localidad`, `provincia`, `pais`) VALUES
	(1, 'ET Villa Ballester - Maipú', -34.54003770, -58.55884130, 'Villa Ballester', 'Buenos Aires', 'Argentina'),
	(2, 'Central Nuclear Atucha', -33.96700000, -59.20500000, 'Lima', 'Buenos Aires', 'Argentina'),
	(3, 'Represa Yacyretá', -27.48100000, -56.73800000, 'Ituzaingó', 'Corrientes', 'Argentina'),
	(4, 'E.T. Rosario Oeste', -32.95100000, -60.76500000, 'Rosario', 'Santa Fe', 'Argentina'),
	(5, 'Central Hidroeléctrica El Chocón', -39.26100000, -68.74400000, 'Villa El Chocón', 'Neuquén', 'Argentina');

-- Volcando estructura para tabla estacion.estacion_sensor
DROP TABLE IF EXISTS `estacion_sensor`;
CREATE TABLE IF NOT EXISTS `estacion_sensor` (
  `id` int(11) NOT NULL AUTO_INCREMENT,
  `estacion_id` int(11) DEFAULT NULL,
  `sensor_id` int(11) DEFAULT NULL,
  PRIMARY KEY (`id`),
  KEY `estacion_id` (`estacion_id`),
  KEY `sensor_id` (`sensor_id`),
  CONSTRAINT `estacion_sensor_ibfk_1` FOREIGN KEY (`estacion_id`) REFERENCES `estacion` (`id`),
  CONSTRAINT `estacion_sensor_ibfk_2` FOREIGN KEY (`sensor_id`) REFERENCES `sensor` (`id`)
) ENGINE=InnoDB AUTO_INCREMENT=22 DEFAULT CHARSET=utf8mb4 COLLATE=utf8mb4_general_ci;

-- Volcando datos para la tabla estacion.estacion_sensor: ~21 rows (aproximadamente)
INSERT INTO `estacion_sensor` (`id`, `estacion_id`, `sensor_id`) VALUES
	(1, 1, 1),
	(2, 1, 4),
	(3, 1, 5),
	(4, 2, 1),
	(5, 2, 4),
	(6, 2, 5),
	(7, 3, 1),
	(8, 3, 4),
	(9, 3, 5),
	(10, 4, 1),
	(11, 4, 4),
	(12, 4, 5),
	(13, 5, 1),
	(14, 5, 4),
	(15, 5, 5),
	(16, 6, 1),
	(17, 6, 4),
	(18, 6, 5),
	(19, 7, 1),
	(20, 7, 4),
	(21, 7, 5);

-- Volcando estructura para tabla estacion.localidad
DROP TABLE IF EXISTS `localidad`;
CREATE TABLE IF NOT EXISTS `localidad` (
  `id` int(11) NOT NULL AUTO_INCREMENT,
  `nombre` varchar(100) DEFAULT NULL,
  `provincia_id` int(11) DEFAULT NULL,
  PRIMARY KEY (`id`),
  KEY `provincia_id` (`provincia_id`),
  CONSTRAINT `localidad_ibfk_1` FOREIGN KEY (`provincia_id`) REFERENCES `provincia` (`id`)
) ENGINE=InnoDB AUTO_INCREMENT=8 DEFAULT CHARSET=utf8mb4 COLLATE=utf8mb4_general_ci;

-- Volcando datos para la tabla estacion.localidad: ~7 rows (aproximadamente)
INSERT INTO `localidad` (`id`, `nombre`, `provincia_id`) VALUES
	(1, 'Salta Capital', 1),
	(2, 'Rosario', 2),
	(3, 'Mendoza Capital', 3),
	(4, 'Puerto Madero', 4),
	(5, 'Córdoba Capital', 5),
	(6, 'Neuquén Capital', 6),
	(7, 'Ushuaia', 7);

-- Volcando estructura para tabla estacion.medicion
DROP TABLE IF EXISTS `medicion`;
CREATE TABLE IF NOT EXISTS `medicion` (
  `id` int(11) NOT NULL AUTO_INCREMENT,
  `sensor_id` int(11) DEFAULT NULL,
  `valor` decimal(15,2) NOT NULL,
  `fecha` date NOT NULL,
  `hora` time NOT NULL,
  PRIMARY KEY (`id`),
  KEY `sensor_id` (`sensor_id`),
  CONSTRAINT `medicion_ibfk_1` FOREIGN KEY (`sensor_id`) REFERENCES `sensor` (`id`) ON DELETE CASCADE
) ENGINE=InnoDB AUTO_INCREMENT=869 DEFAULT CHARSET=utf8mb4 COLLATE=utf8mb4_general_ci;

-- Volcando datos para la tabla estacion.medicion: ~620 rows (aproximadamente)
INSERT INTO `medicion` (`id`, `sensor_id`, `valor`, `fecha`, `hora`) VALUES
	(1, 1, 476.39, '2026-05-01', '10:00:00'),
	(2, 2, 731.63, '2026-05-01', '10:00:00'),
	(3, 3, 228.97, '2026-05-01', '10:00:00'),
	(4, 4, 549.94, '2026-05-01', '10:00:00'),
	(5, 5, 662.81, '2026-05-01', '10:00:00'),
	(8, 8, 129.07, '2026-05-01', '14:00:00'),
	(9, 9, 130.21, '2026-05-01', '14:00:00'),
	(10, 10, 135.85, '2026-05-01', '14:00:00'),
	(11, 11, 130.62, '2026-05-01', '14:00:00'),
	(12, 12, 137.56, '2026-05-01', '14:00:00'),
	(15, 15, 1194.39, '2026-05-01', '18:00:00'),
	(16, 16, 477.52, '2026-05-01', '18:00:00'),
	(17, 17, 804.44, '2026-05-01', '18:00:00'),
	(18, 18, 589.65, '2026-05-01', '18:00:00'),
	(19, 19, 934.93, '2026-05-01', '18:00:00'),
	(22, 22, 0.94, '2026-05-01', '22:00:00'),
	(23, 23, 0.87, '2026-05-01', '22:00:00'),
	(24, 24, 0.97, '2026-05-01', '22:00:00'),
	(25, 25, 0.98, '2026-05-01', '22:00:00'),
	(26, 26, 0.98, '2026-05-01', '22:00:00'),
	(29, 1, 232.35, '2026-04-30', '10:00:00'),
	(30, 2, 430.76, '2026-04-30', '10:00:00'),
	(31, 3, 656.75, '2026-04-30', '10:00:00'),
	(32, 4, 591.48, '2026-04-30', '10:00:00'),
	(33, 5, 787.14, '2026-04-30', '10:00:00'),
	(36, 8, 137.35, '2026-04-30', '14:00:00'),
	(37, 9, 135.41, '2026-04-30', '14:00:00'),
	(38, 10, 137.00, '2026-04-30', '14:00:00'),
	(39, 11, 130.78, '2026-04-30', '14:00:00'),
	(40, 12, 134.90, '2026-04-30', '14:00:00'),
	(43, 15, 893.80, '2026-04-30', '18:00:00'),
	(44, 16, 411.85, '2026-04-30', '18:00:00'),
	(45, 17, 577.87, '2026-04-30', '18:00:00'),
	(46, 18, 453.77, '2026-04-30', '18:00:00'),
	(47, 19, 935.24, '2026-04-30', '18:00:00'),
	(50, 22, 0.87, '2026-04-30', '22:00:00'),
	(51, 23, 0.95, '2026-04-30', '22:00:00'),
	(52, 24, 0.87, '2026-04-30', '22:00:00'),
	(53, 25, 0.92, '2026-04-30', '22:00:00'),
	(54, 26, 0.86, '2026-04-30', '22:00:00'),
	(57, 1, 717.94, '2026-04-29', '10:00:00'),
	(58, 2, 272.45, '2026-04-29', '10:00:00'),
	(59, 3, 208.45, '2026-04-29', '10:00:00'),
	(60, 4, 624.90, '2026-04-29', '10:00:00'),
	(61, 5, 499.12, '2026-04-29', '10:00:00'),
	(64, 8, 131.68, '2026-04-29', '14:00:00'),
	(65, 9, 131.46, '2026-04-29', '14:00:00'),
	(66, 10, 134.23, '2026-04-29', '14:00:00'),
	(67, 11, 128.78, '2026-04-29', '14:00:00'),
	(68, 12, 133.20, '2026-04-29', '14:00:00'),
	(71, 15, 694.55, '2026-04-29', '18:00:00'),
	(72, 16, 624.03, '2026-04-29', '18:00:00'),
	(73, 17, 636.48, '2026-04-29', '18:00:00'),
	(74, 18, 910.32, '2026-04-29', '18:00:00'),
	(75, 19, 642.15, '2026-04-29', '18:00:00'),
	(78, 22, 0.93, '2026-04-29', '22:00:00'),
	(79, 23, 0.86, '2026-04-29', '22:00:00'),
	(80, 24, 0.94, '2026-04-29', '22:00:00'),
	(81, 25, 0.99, '2026-04-29', '22:00:00'),
	(82, 26, 0.85, '2026-04-29', '22:00:00'),
	(85, 1, 288.86, '2026-04-28', '10:00:00'),
	(86, 2, 593.03, '2026-04-28', '10:00:00'),
	(87, 3, 698.59, '2026-04-28', '10:00:00'),
	(88, 4, 313.83, '2026-04-28', '10:00:00'),
	(89, 5, 473.39, '2026-04-28', '10:00:00'),
	(92, 8, 135.09, '2026-04-28', '14:00:00'),
	(93, 9, 129.78, '2026-04-28', '14:00:00'),
	(94, 10, 135.65, '2026-04-28', '14:00:00'),
	(95, 11, 130.90, '2026-04-28', '14:00:00'),
	(96, 12, 129.56, '2026-04-28', '14:00:00'),
	(99, 15, 1128.06, '2026-04-28', '18:00:00'),
	(100, 16, 465.36, '2026-04-28', '18:00:00'),
	(101, 17, 942.64, '2026-04-28', '18:00:00'),
	(102, 18, 517.13, '2026-04-28', '18:00:00'),
	(103, 19, 957.72, '2026-04-28', '18:00:00'),
	(106, 22, 0.86, '2026-04-28', '22:00:00'),
	(107, 23, 0.87, '2026-04-28', '22:00:00'),
	(108, 24, 0.93, '2026-04-28', '22:00:00'),
	(109, 25, 0.91, '2026-04-28', '22:00:00'),
	(110, 26, 0.90, '2026-04-28', '22:00:00'),
	(113, 1, 495.02, '2026-04-27', '10:00:00'),
	(114, 2, 456.84, '2026-04-27', '10:00:00'),
	(115, 3, 599.14, '2026-04-27', '10:00:00'),
	(116, 4, 225.18, '2026-04-27', '10:00:00'),
	(117, 5, 328.48, '2026-04-27', '10:00:00'),
	(120, 8, 137.45, '2026-04-27', '14:00:00'),
	(121, 9, 128.82, '2026-04-27', '14:00:00'),
	(122, 10, 133.73, '2026-04-27', '14:00:00'),
	(123, 11, 134.21, '2026-04-27', '14:00:00'),
	(124, 12, 131.87, '2026-04-27', '14:00:00'),
	(127, 15, 457.47, '2026-04-27', '18:00:00'),
	(128, 16, 558.13, '2026-04-27', '18:00:00'),
	(129, 17, 1018.27, '2026-04-27', '18:00:00'),
	(130, 18, 616.95, '2026-04-27', '18:00:00'),
	(131, 19, 429.93, '2026-04-27', '18:00:00'),
	(134, 22, 0.90, '2026-04-27', '22:00:00'),
	(135, 23, 0.96, '2026-04-27', '22:00:00'),
	(136, 24, 0.94, '2026-04-27', '22:00:00'),
	(137, 25, 0.85, '2026-04-27', '22:00:00'),
	(138, 26, 0.86, '2026-04-27', '22:00:00'),
	(141, 1, 492.68, '2026-04-26', '10:00:00'),
	(142, 2, 271.53, '2026-04-26', '10:00:00'),
	(143, 3, 279.59, '2026-04-26', '10:00:00'),
	(144, 4, 383.39, '2026-04-26', '10:00:00'),
	(145, 5, 278.17, '2026-04-26', '10:00:00'),
	(148, 8, 135.34, '2026-04-26', '14:00:00'),
	(149, 9, 130.81, '2026-04-26', '14:00:00'),
	(150, 10, 130.04, '2026-04-26', '14:00:00'),
	(151, 11, 129.74, '2026-04-26', '14:00:00'),
	(152, 12, 130.60, '2026-04-26', '14:00:00'),
	(155, 15, 1021.39, '2026-04-26', '18:00:00'),
	(156, 16, 483.29, '2026-04-26', '18:00:00'),
	(157, 17, 552.29, '2026-04-26', '18:00:00'),
	(158, 18, 911.58, '2026-04-26', '18:00:00'),
	(159, 19, 901.02, '2026-04-26', '18:00:00'),
	(162, 22, 0.88, '2026-04-26', '22:00:00'),
	(163, 23, 0.88, '2026-04-26', '22:00:00'),
	(164, 24, 0.89, '2026-04-26', '22:00:00'),
	(165, 25, 0.98, '2026-04-26', '22:00:00'),
	(166, 26, 0.94, '2026-04-26', '22:00:00'),
	(169, 1, 420.07, '2026-04-25', '10:00:00'),
	(170, 2, 799.69, '2026-04-25', '10:00:00'),
	(171, 3, 738.26, '2026-04-25', '10:00:00'),
	(172, 4, 492.20, '2026-04-25', '10:00:00'),
	(173, 5, 646.25, '2026-04-25', '10:00:00'),
	(176, 8, 130.58, '2026-04-25', '14:00:00'),
	(177, 9, 128.57, '2026-04-25', '14:00:00'),
	(178, 10, 133.14, '2026-04-25', '14:00:00'),
	(179, 11, 131.98, '2026-04-25', '14:00:00'),
	(180, 12, 132.46, '2026-04-25', '14:00:00'),
	(183, 15, 429.17, '2026-04-25', '18:00:00'),
	(184, 16, 1075.87, '2026-04-25', '18:00:00'),
	(185, 17, 491.85, '2026-04-25', '18:00:00'),
	(186, 18, 431.63, '2026-04-25', '18:00:00'),
	(187, 19, 1082.62, '2026-04-25', '18:00:00'),
	(190, 22, 0.87, '2026-04-25', '22:00:00'),
	(191, 23, 0.88, '2026-04-25', '22:00:00'),
	(192, 24, 0.91, '2026-04-25', '22:00:00'),
	(193, 25, 0.95, '2026-04-25', '22:00:00'),
	(194, 26, 0.89, '2026-04-25', '22:00:00'),
	(197, 1, 257.27, '2026-04-24', '10:00:00'),
	(198, 2, 632.90, '2026-04-24', '10:00:00'),
	(199, 3, 392.69, '2026-04-24', '10:00:00'),
	(200, 4, 464.76, '2026-04-24', '10:00:00'),
	(201, 5, 345.71, '2026-04-24', '10:00:00'),
	(204, 8, 136.90, '2026-04-24', '14:00:00'),
	(205, 9, 135.24, '2026-04-24', '14:00:00'),
	(206, 10, 137.48, '2026-04-24', '14:00:00'),
	(207, 11, 133.68, '2026-04-24', '14:00:00'),
	(208, 12, 137.96, '2026-04-24', '14:00:00'),
	(211, 15, 621.60, '2026-04-24', '18:00:00'),
	(212, 16, 717.11, '2026-04-24', '18:00:00'),
	(213, 17, 520.76, '2026-04-24', '18:00:00'),
	(214, 18, 852.46, '2026-04-24', '18:00:00'),
	(215, 19, 700.04, '2026-04-24', '18:00:00'),
	(218, 22, 0.87, '2026-04-24', '22:00:00'),
	(219, 23, 0.96, '2026-04-24', '22:00:00'),
	(220, 24, 0.89, '2026-04-24', '22:00:00'),
	(221, 25, 0.88, '2026-04-24', '22:00:00'),
	(222, 26, 0.87, '2026-04-24', '22:00:00'),
	(225, 1, 200.85, '2026-04-23', '10:00:00'),
	(226, 2, 581.60, '2026-04-23', '10:00:00'),
	(227, 3, 305.42, '2026-04-23', '10:00:00'),
	(228, 4, 782.33, '2026-04-23', '10:00:00'),
	(229, 5, 395.36, '2026-04-23', '10:00:00'),
	(232, 8, 135.16, '2026-04-23', '14:00:00'),
	(233, 9, 134.05, '2026-04-23', '14:00:00'),
	(234, 10, 136.76, '2026-04-23', '14:00:00'),
	(235, 11, 133.65, '2026-04-23', '14:00:00'),
	(236, 12, 129.98, '2026-04-23', '14:00:00'),
	(239, 15, 636.64, '2026-04-23', '18:00:00'),
	(240, 16, 1107.16, '2026-04-23', '18:00:00'),
	(241, 17, 825.86, '2026-04-23', '18:00:00'),
	(242, 18, 407.85, '2026-04-23', '18:00:00'),
	(243, 19, 761.65, '2026-04-23', '18:00:00'),
	(246, 22, 0.88, '2026-04-23', '22:00:00'),
	(247, 23, 0.96, '2026-04-23', '22:00:00'),
	(248, 24, 0.89, '2026-04-23', '22:00:00'),
	(249, 25, 0.86, '2026-04-23', '22:00:00'),
	(250, 26, 0.93, '2026-04-23', '22:00:00'),
	(253, 1, 607.99, '2026-04-22', '10:00:00'),
	(254, 2, 569.21, '2026-04-22', '10:00:00'),
	(255, 3, 222.06, '2026-04-22', '10:00:00'),
	(256, 4, 402.68, '2026-04-22', '10:00:00'),
	(257, 5, 547.24, '2026-04-22', '10:00:00'),
	(260, 8, 136.80, '2026-04-22', '14:00:00'),
	(261, 9, 134.65, '2026-04-22', '14:00:00'),
	(262, 10, 134.84, '2026-04-22', '14:00:00'),
	(263, 11, 132.24, '2026-04-22', '14:00:00'),
	(264, 12, 128.70, '2026-04-22', '14:00:00'),
	(267, 15, 460.03, '2026-04-22', '18:00:00'),
	(268, 16, 533.35, '2026-04-22', '18:00:00'),
	(269, 17, 886.64, '2026-04-22', '18:00:00'),
	(270, 18, 833.18, '2026-04-22', '18:00:00'),
	(271, 19, 1105.99, '2026-04-22', '18:00:00'),
	(274, 22, 0.96, '2026-04-22', '22:00:00'),
	(275, 23, 0.89, '2026-04-22', '22:00:00'),
	(276, 24, 0.86, '2026-04-22', '22:00:00'),
	(277, 25, 0.94, '2026-04-22', '22:00:00'),
	(278, 26, 0.96, '2026-04-22', '22:00:00'),
	(281, 1, 217.62, '2026-04-21', '10:00:00'),
	(282, 2, 694.67, '2026-04-21', '10:00:00'),
	(283, 3, 220.48, '2026-04-21', '10:00:00'),
	(284, 4, 618.42, '2026-04-21', '10:00:00'),
	(285, 5, 430.64, '2026-04-21', '10:00:00'),
	(288, 8, 136.30, '2026-04-21', '14:00:00'),
	(289, 9, 137.96, '2026-04-21', '14:00:00'),
	(290, 10, 132.92, '2026-04-21', '14:00:00'),
	(291, 11, 132.71, '2026-04-21', '14:00:00'),
	(292, 12, 136.78, '2026-04-21', '14:00:00'),
	(295, 15, 1182.02, '2026-04-21', '18:00:00'),
	(296, 16, 603.00, '2026-04-21', '18:00:00'),
	(297, 17, 668.93, '2026-04-21', '18:00:00'),
	(298, 18, 1135.65, '2026-04-21', '18:00:00'),
	(299, 19, 871.47, '2026-04-21', '18:00:00'),
	(302, 22, 0.88, '2026-04-21', '22:00:00'),
	(303, 23, 0.87, '2026-04-21', '22:00:00'),
	(304, 24, 0.89, '2026-04-21', '22:00:00'),
	(305, 25, 0.98, '2026-04-21', '22:00:00'),
	(306, 26, 0.98, '2026-04-21', '22:00:00'),
	(309, 1, 642.60, '2026-04-20', '10:00:00'),
	(310, 2, 748.08, '2026-04-20', '10:00:00'),
	(311, 3, 412.59, '2026-04-20', '10:00:00'),
	(312, 4, 218.71, '2026-04-20', '10:00:00'),
	(313, 5, 255.77, '2026-04-20', '10:00:00'),
	(316, 8, 131.71, '2026-04-20', '14:00:00'),
	(317, 9, 133.77, '2026-04-20', '14:00:00'),
	(318, 10, 135.73, '2026-04-20', '14:00:00'),
	(319, 11, 129.32, '2026-04-20', '14:00:00'),
	(320, 12, 131.41, '2026-04-20', '14:00:00'),
	(323, 15, 647.36, '2026-04-20', '18:00:00'),
	(324, 16, 818.54, '2026-04-20', '18:00:00'),
	(325, 17, 950.61, '2026-04-20', '18:00:00'),
	(326, 18, 1097.44, '2026-04-20', '18:00:00'),
	(327, 19, 635.36, '2026-04-20', '18:00:00'),
	(330, 22, 0.97, '2026-04-20', '22:00:00'),
	(331, 23, 0.91, '2026-04-20', '22:00:00'),
	(332, 24, 0.91, '2026-04-20', '22:00:00'),
	(333, 25, 0.97, '2026-04-20', '22:00:00'),
	(334, 26, 0.86, '2026-04-20', '22:00:00'),
	(337, 1, 710.97, '2026-04-19', '10:00:00'),
	(338, 2, 795.51, '2026-04-19', '10:00:00'),
	(339, 3, 444.64, '2026-04-19', '10:00:00'),
	(340, 4, 236.66, '2026-04-19', '10:00:00'),
	(341, 5, 249.38, '2026-04-19', '10:00:00'),
	(344, 8, 130.28, '2026-04-19', '14:00:00'),
	(345, 9, 136.94, '2026-04-19', '14:00:00'),
	(346, 10, 135.86, '2026-04-19', '14:00:00'),
	(347, 11, 130.50, '2026-04-19', '14:00:00'),
	(348, 12, 136.88, '2026-04-19', '14:00:00'),
	(351, 15, 954.96, '2026-04-19', '18:00:00'),
	(352, 16, 1042.46, '2026-04-19', '18:00:00'),
	(353, 17, 1147.43, '2026-04-19', '18:00:00'),
	(354, 18, 609.76, '2026-04-19', '18:00:00'),
	(355, 19, 806.51, '2026-04-19', '18:00:00'),
	(358, 22, 0.96, '2026-04-19', '22:00:00'),
	(359, 23, 0.88, '2026-04-19', '22:00:00'),
	(360, 24, 0.99, '2026-04-19', '22:00:00'),
	(361, 25, 0.86, '2026-04-19', '22:00:00'),
	(362, 26, 0.94, '2026-04-19', '22:00:00'),
	(365, 1, 643.51, '2026-04-18', '10:00:00'),
	(366, 2, 720.37, '2026-04-18', '10:00:00'),
	(367, 3, 271.31, '2026-04-18', '10:00:00'),
	(368, 4, 795.46, '2026-04-18', '10:00:00'),
	(369, 5, 563.35, '2026-04-18', '10:00:00'),
	(372, 8, 128.51, '2026-04-18', '14:00:00'),
	(373, 9, 132.36, '2026-04-18', '14:00:00'),
	(374, 10, 128.29, '2026-04-18', '14:00:00'),
	(375, 11, 136.39, '2026-04-18', '14:00:00'),
	(376, 12, 129.05, '2026-04-18', '14:00:00'),
	(379, 15, 406.95, '2026-04-18', '18:00:00'),
	(380, 16, 982.88, '2026-04-18', '18:00:00'),
	(381, 17, 893.53, '2026-04-18', '18:00:00'),
	(382, 18, 1119.03, '2026-04-18', '18:00:00'),
	(383, 19, 914.53, '2026-04-18', '18:00:00'),
	(386, 22, 0.92, '2026-04-18', '22:00:00'),
	(387, 23, 0.94, '2026-04-18', '22:00:00'),
	(388, 24, 0.96, '2026-04-18', '22:00:00'),
	(389, 25, 0.98, '2026-04-18', '22:00:00'),
	(390, 26, 0.87, '2026-04-18', '22:00:00'),
	(393, 1, 281.77, '2026-04-17', '10:00:00'),
	(394, 2, 305.07, '2026-04-17', '10:00:00'),
	(395, 3, 480.04, '2026-04-17', '10:00:00'),
	(396, 4, 685.01, '2026-04-17', '10:00:00'),
	(397, 5, 584.92, '2026-04-17', '10:00:00'),
	(400, 8, 135.83, '2026-04-17', '14:00:00'),
	(401, 9, 137.88, '2026-04-17', '14:00:00'),
	(402, 10, 133.94, '2026-04-17', '14:00:00'),
	(403, 11, 128.07, '2026-04-17', '14:00:00'),
	(404, 12, 130.50, '2026-04-17', '14:00:00'),
	(407, 15, 585.22, '2026-04-17', '18:00:00'),
	(408, 16, 725.28, '2026-04-17', '18:00:00'),
	(409, 17, 670.75, '2026-04-17', '18:00:00'),
	(410, 18, 777.93, '2026-04-17', '18:00:00'),
	(411, 19, 677.40, '2026-04-17', '18:00:00'),
	(414, 22, 0.89, '2026-04-17', '22:00:00'),
	(415, 23, 0.93, '2026-04-17', '22:00:00'),
	(416, 24, 0.96, '2026-04-17', '22:00:00'),
	(417, 25, 0.88, '2026-04-17', '22:00:00'),
	(418, 26, 0.94, '2026-04-17', '22:00:00'),
	(421, 1, 559.47, '2026-04-16', '10:00:00'),
	(422, 2, 263.85, '2026-04-16', '10:00:00'),
	(423, 3, 640.84, '2026-04-16', '10:00:00'),
	(424, 4, 412.67, '2026-04-16', '10:00:00'),
	(425, 5, 540.84, '2026-04-16', '10:00:00'),
	(428, 8, 135.77, '2026-04-16', '14:00:00'),
	(429, 9, 129.80, '2026-04-16', '14:00:00'),
	(430, 10, 133.72, '2026-04-16', '14:00:00'),
	(431, 11, 131.17, '2026-04-16', '14:00:00'),
	(432, 12, 136.69, '2026-04-16', '14:00:00'),
	(435, 15, 716.83, '2026-04-16', '18:00:00'),
	(436, 16, 697.76, '2026-04-16', '18:00:00'),
	(437, 17, 938.32, '2026-04-16', '18:00:00'),
	(438, 18, 598.31, '2026-04-16', '18:00:00'),
	(439, 19, 576.61, '2026-04-16', '18:00:00'),
	(442, 22, 0.90, '2026-04-16', '22:00:00'),
	(443, 23, 0.87, '2026-04-16', '22:00:00'),
	(444, 24, 0.94, '2026-04-16', '22:00:00'),
	(445, 25, 0.94, '2026-04-16', '22:00:00'),
	(446, 26, 0.90, '2026-04-16', '22:00:00'),
	(449, 1, 775.11, '2026-04-15', '10:00:00'),
	(450, 2, 596.81, '2026-04-15', '10:00:00'),
	(451, 3, 458.69, '2026-04-15', '10:00:00'),
	(452, 4, 303.03, '2026-04-15', '10:00:00'),
	(453, 5, 539.07, '2026-04-15', '10:00:00'),
	(456, 8, 131.10, '2026-04-15', '14:00:00'),
	(457, 9, 136.57, '2026-04-15', '14:00:00'),
	(458, 10, 131.53, '2026-04-15', '14:00:00'),
	(459, 11, 129.93, '2026-04-15', '14:00:00'),
	(460, 12, 137.08, '2026-04-15', '14:00:00'),
	(463, 15, 1169.38, '2026-04-15', '18:00:00'),
	(464, 16, 466.88, '2026-04-15', '18:00:00'),
	(465, 17, 826.28, '2026-04-15', '18:00:00'),
	(466, 18, 730.76, '2026-04-15', '18:00:00'),
	(467, 19, 774.95, '2026-04-15', '18:00:00'),
	(470, 22, 0.86, '2026-04-15', '22:00:00'),
	(471, 23, 0.87, '2026-04-15', '22:00:00'),
	(472, 24, 0.88, '2026-04-15', '22:00:00'),
	(473, 25, 0.97, '2026-04-15', '22:00:00'),
	(474, 26, 0.93, '2026-04-15', '22:00:00'),
	(477, 1, 403.75, '2026-04-14', '10:00:00'),
	(478, 2, 768.64, '2026-04-14', '10:00:00'),
	(479, 3, 631.93, '2026-04-14', '10:00:00'),
	(480, 4, 653.75, '2026-04-14', '10:00:00'),
	(481, 5, 572.95, '2026-04-14', '10:00:00'),
	(484, 8, 136.39, '2026-04-14', '14:00:00'),
	(485, 9, 131.31, '2026-04-14', '14:00:00'),
	(486, 10, 129.38, '2026-04-14', '14:00:00'),
	(487, 11, 134.95, '2026-04-14', '14:00:00'),
	(488, 12, 128.62, '2026-04-14', '14:00:00'),
	(491, 15, 579.64, '2026-04-14', '18:00:00'),
	(492, 16, 1149.70, '2026-04-14', '18:00:00'),
	(493, 17, 409.60, '2026-04-14', '18:00:00'),
	(494, 18, 598.91, '2026-04-14', '18:00:00'),
	(495, 19, 565.74, '2026-04-14', '18:00:00'),
	(498, 22, 0.89, '2026-04-14', '22:00:00'),
	(499, 23, 0.97, '2026-04-14', '22:00:00'),
	(500, 24, 0.89, '2026-04-14', '22:00:00'),
	(501, 25, 0.97, '2026-04-14', '22:00:00'),
	(502, 26, 0.93, '2026-04-14', '22:00:00'),
	(505, 1, 272.36, '2026-04-13', '10:00:00'),
	(506, 2, 776.23, '2026-04-13', '10:00:00'),
	(507, 3, 464.05, '2026-04-13', '10:00:00'),
	(508, 4, 391.58, '2026-04-13', '10:00:00'),
	(509, 5, 365.74, '2026-04-13', '10:00:00'),
	(512, 8, 132.23, '2026-04-13', '14:00:00'),
	(513, 9, 130.88, '2026-04-13', '14:00:00'),
	(514, 10, 129.68, '2026-04-13', '14:00:00'),
	(515, 11, 137.77, '2026-04-13', '14:00:00'),
	(516, 12, 131.82, '2026-04-13', '14:00:00'),
	(519, 15, 1182.62, '2026-04-13', '18:00:00'),
	(520, 16, 996.43, '2026-04-13', '18:00:00'),
	(521, 17, 1034.27, '2026-04-13', '18:00:00'),
	(522, 18, 982.08, '2026-04-13', '18:00:00'),
	(523, 19, 607.57, '2026-04-13', '18:00:00'),
	(526, 22, 0.87, '2026-04-13', '22:00:00'),
	(527, 23, 0.96, '2026-04-13', '22:00:00'),
	(528, 24, 0.94, '2026-04-13', '22:00:00'),
	(529, 25, 0.96, '2026-04-13', '22:00:00'),
	(530, 26, 0.97, '2026-04-13', '22:00:00'),
	(533, 1, 294.80, '2026-04-12', '10:00:00'),
	(534, 2, 283.98, '2026-04-12', '10:00:00'),
	(535, 3, 335.50, '2026-04-12', '10:00:00'),
	(536, 4, 625.58, '2026-04-12', '10:00:00'),
	(537, 5, 721.39, '2026-04-12', '10:00:00'),
	(540, 8, 130.17, '2026-04-12', '14:00:00'),
	(541, 9, 132.78, '2026-04-12', '14:00:00'),
	(542, 10, 135.40, '2026-04-12', '14:00:00'),
	(543, 11, 130.63, '2026-04-12', '14:00:00'),
	(544, 12, 128.98, '2026-04-12', '14:00:00'),
	(547, 15, 961.36, '2026-04-12', '18:00:00'),
	(548, 16, 570.67, '2026-04-12', '18:00:00'),
	(549, 17, 1169.26, '2026-04-12', '18:00:00'),
	(550, 18, 534.31, '2026-04-12', '18:00:00'),
	(551, 19, 1163.78, '2026-04-12', '18:00:00'),
	(554, 22, 0.89, '2026-04-12', '22:00:00'),
	(555, 23, 0.92, '2026-04-12', '22:00:00'),
	(556, 24, 0.94, '2026-04-12', '22:00:00'),
	(557, 25, 0.94, '2026-04-12', '22:00:00'),
	(558, 26, 0.89, '2026-04-12', '22:00:00'),
	(561, 1, 578.39, '2026-04-11', '10:00:00'),
	(562, 2, 342.81, '2026-04-11', '10:00:00'),
	(563, 3, 378.88, '2026-04-11', '10:00:00'),
	(564, 4, 665.98, '2026-04-11', '10:00:00'),
	(565, 5, 793.26, '2026-04-11', '10:00:00'),
	(568, 8, 134.14, '2026-04-11', '14:00:00'),
	(569, 9, 129.03, '2026-04-11', '14:00:00'),
	(570, 10, 134.75, '2026-04-11', '14:00:00'),
	(571, 11, 128.64, '2026-04-11', '14:00:00'),
	(572, 12, 130.96, '2026-04-11', '14:00:00'),
	(575, 15, 630.79, '2026-04-11', '18:00:00'),
	(576, 16, 843.14, '2026-04-11', '18:00:00'),
	(577, 17, 1123.34, '2026-04-11', '18:00:00'),
	(578, 18, 1087.26, '2026-04-11', '18:00:00'),
	(579, 19, 866.28, '2026-04-11', '18:00:00'),
	(582, 22, 0.90, '2026-04-11', '22:00:00'),
	(583, 23, 0.98, '2026-04-11', '22:00:00'),
	(584, 24, 0.94, '2026-04-11', '22:00:00'),
	(585, 25, 0.93, '2026-04-11', '22:00:00'),
	(586, 26, 0.95, '2026-04-11', '22:00:00'),
	(589, 1, 205.68, '2026-04-10', '10:00:00'),
	(590, 2, 711.62, '2026-04-10', '10:00:00'),
	(591, 3, 341.09, '2026-04-10', '10:00:00'),
	(592, 4, 570.58, '2026-04-10', '10:00:00'),
	(593, 5, 429.61, '2026-04-10', '10:00:00'),
	(596, 8, 128.61, '2026-04-10', '14:00:00'),
	(597, 9, 129.55, '2026-04-10', '14:00:00'),
	(598, 10, 133.91, '2026-04-10', '14:00:00'),
	(599, 11, 132.94, '2026-04-10', '14:00:00'),
	(600, 12, 134.93, '2026-04-10', '14:00:00'),
	(603, 15, 1188.37, '2026-04-10', '18:00:00'),
	(604, 16, 1078.17, '2026-04-10', '18:00:00'),
	(605, 17, 625.72, '2026-04-10', '18:00:00'),
	(606, 18, 1094.09, '2026-04-10', '18:00:00'),
	(607, 19, 793.27, '2026-04-10', '18:00:00'),
	(610, 22, 0.97, '2026-04-10', '22:00:00'),
	(611, 23, 0.96, '2026-04-10', '22:00:00'),
	(612, 24, 0.91, '2026-04-10', '22:00:00'),
	(613, 25, 0.96, '2026-04-10', '22:00:00'),
	(614, 26, 0.94, '2026-04-10', '22:00:00'),
	(617, 1, 717.77, '2026-04-09', '10:00:00'),
	(618, 2, 421.50, '2026-04-09', '10:00:00'),
	(619, 3, 354.21, '2026-04-09', '10:00:00'),
	(620, 4, 306.52, '2026-04-09', '10:00:00'),
	(621, 5, 270.00, '2026-04-09', '10:00:00'),
	(624, 8, 128.51, '2026-04-09', '14:00:00'),
	(625, 9, 137.04, '2026-04-09', '14:00:00'),
	(626, 10, 131.66, '2026-04-09', '14:00:00'),
	(627, 11, 129.20, '2026-04-09', '14:00:00'),
	(628, 12, 133.03, '2026-04-09', '14:00:00'),
	(631, 15, 521.54, '2026-04-09', '18:00:00'),
	(632, 16, 601.58, '2026-04-09', '18:00:00'),
	(633, 17, 1043.28, '2026-04-09', '18:00:00'),
	(634, 18, 611.67, '2026-04-09', '18:00:00'),
	(635, 19, 1128.49, '2026-04-09', '18:00:00'),
	(638, 22, 0.96, '2026-04-09', '22:00:00'),
	(639, 23, 0.86, '2026-04-09', '22:00:00'),
	(640, 24, 0.86, '2026-04-09', '22:00:00'),
	(641, 25, 0.85, '2026-04-09', '22:00:00'),
	(642, 26, 0.85, '2026-04-09', '22:00:00'),
	(645, 1, 228.35, '2026-04-08', '10:00:00'),
	(646, 2, 288.98, '2026-04-08', '10:00:00'),
	(647, 3, 559.85, '2026-04-08', '10:00:00'),
	(648, 4, 532.33, '2026-04-08', '10:00:00'),
	(649, 5, 782.07, '2026-04-08', '10:00:00'),
	(652, 8, 129.89, '2026-04-08', '14:00:00'),
	(653, 9, 128.34, '2026-04-08', '14:00:00'),
	(654, 10, 134.05, '2026-04-08', '14:00:00'),
	(655, 11, 137.24, '2026-04-08', '14:00:00'),
	(656, 12, 136.03, '2026-04-08', '14:00:00'),
	(659, 15, 594.24, '2026-04-08', '18:00:00'),
	(660, 16, 1044.31, '2026-04-08', '18:00:00'),
	(661, 17, 638.85, '2026-04-08', '18:00:00'),
	(662, 18, 461.32, '2026-04-08', '18:00:00'),
	(663, 19, 790.05, '2026-04-08', '18:00:00'),
	(666, 22, 0.88, '2026-04-08', '22:00:00'),
	(667, 23, 0.93, '2026-04-08', '22:00:00'),
	(668, 24, 0.89, '2026-04-08', '22:00:00'),
	(669, 25, 0.93, '2026-04-08', '22:00:00'),
	(670, 26, 0.86, '2026-04-08', '22:00:00'),
	(673, 1, 577.61, '2026-04-07', '10:00:00'),
	(674, 2, 766.45, '2026-04-07', '10:00:00'),
	(675, 3, 699.43, '2026-04-07', '10:00:00'),
	(676, 4, 397.80, '2026-04-07', '10:00:00'),
	(677, 5, 290.69, '2026-04-07', '10:00:00'),
	(680, 8, 135.67, '2026-04-07', '14:00:00'),
	(681, 9, 131.81, '2026-04-07', '14:00:00'),
	(682, 10, 134.02, '2026-04-07', '14:00:00'),
	(683, 11, 136.69, '2026-04-07', '14:00:00'),
	(684, 12, 133.40, '2026-04-07', '14:00:00'),
	(687, 15, 472.62, '2026-04-07', '18:00:00'),
	(688, 16, 1067.84, '2026-04-07', '18:00:00'),
	(689, 17, 1121.36, '2026-04-07', '18:00:00'),
	(690, 18, 403.25, '2026-04-07', '18:00:00'),
	(691, 19, 652.20, '2026-04-07', '18:00:00'),
	(694, 22, 0.93, '2026-04-07', '22:00:00'),
	(695, 23, 0.97, '2026-04-07', '22:00:00'),
	(696, 24, 0.95, '2026-04-07', '22:00:00'),
	(697, 25, 0.96, '2026-04-07', '22:00:00'),
	(698, 26, 0.97, '2026-04-07', '22:00:00'),
	(701, 1, 745.03, '2026-04-06', '10:00:00'),
	(702, 2, 798.10, '2026-04-06', '10:00:00'),
	(703, 3, 355.39, '2026-04-06', '10:00:00'),
	(704, 4, 382.67, '2026-04-06', '10:00:00'),
	(705, 5, 647.17, '2026-04-06', '10:00:00'),
	(708, 8, 136.13, '2026-04-06', '14:00:00'),
	(709, 9, 136.30, '2026-04-06', '14:00:00'),
	(710, 10, 135.09, '2026-04-06', '14:00:00'),
	(711, 11, 128.54, '2026-04-06', '14:00:00'),
	(712, 12, 129.45, '2026-04-06', '14:00:00'),
	(715, 15, 851.41, '2026-04-06', '18:00:00'),
	(716, 16, 708.11, '2026-04-06', '18:00:00'),
	(717, 17, 586.32, '2026-04-06', '18:00:00'),
	(718, 18, 407.28, '2026-04-06', '18:00:00'),
	(719, 19, 677.43, '2026-04-06', '18:00:00'),
	(722, 22, 0.95, '2026-04-06', '22:00:00'),
	(723, 23, 0.92, '2026-04-06', '22:00:00'),
	(724, 24, 0.90, '2026-04-06', '22:00:00'),
	(725, 25, 0.88, '2026-04-06', '22:00:00'),
	(726, 26, 0.88, '2026-04-06', '22:00:00'),
	(729, 1, 306.06, '2026-04-05', '10:00:00'),
	(730, 2, 404.48, '2026-04-05', '10:00:00'),
	(731, 3, 304.22, '2026-04-05', '10:00:00'),
	(732, 4, 707.65, '2026-04-05', '10:00:00'),
	(733, 5, 625.60, '2026-04-05', '10:00:00'),
	(736, 8, 128.08, '2026-04-05', '14:00:00'),
	(737, 9, 137.14, '2026-04-05', '14:00:00'),
	(738, 10, 133.46, '2026-04-05', '14:00:00'),
	(739, 11, 137.86, '2026-04-05', '14:00:00'),
	(740, 12, 130.93, '2026-04-05', '14:00:00'),
	(743, 15, 807.00, '2026-04-05', '18:00:00'),
	(744, 16, 930.77, '2026-04-05', '18:00:00'),
	(745, 17, 1032.83, '2026-04-05', '18:00:00'),
	(746, 18, 1171.84, '2026-04-05', '18:00:00'),
	(747, 19, 760.73, '2026-04-05', '18:00:00'),
	(750, 22, 0.90, '2026-04-05', '22:00:00'),
	(751, 23, 0.91, '2026-04-05', '22:00:00'),
	(752, 24, 0.87, '2026-04-05', '22:00:00'),
	(753, 25, 0.91, '2026-04-05', '22:00:00'),
	(754, 26, 0.96, '2026-04-05', '22:00:00'),
	(757, 1, 568.88, '2026-04-04', '10:00:00'),
	(758, 2, 611.52, '2026-04-04', '10:00:00'),
	(759, 3, 550.95, '2026-04-04', '10:00:00'),
	(760, 4, 720.19, '2026-04-04', '10:00:00'),
	(761, 5, 548.13, '2026-04-04', '10:00:00'),
	(764, 8, 131.00, '2026-04-04', '14:00:00'),
	(765, 9, 135.60, '2026-04-04', '14:00:00'),
	(766, 10, 136.99, '2026-04-04', '14:00:00'),
	(767, 11, 130.14, '2026-04-04', '14:00:00'),
	(768, 12, 131.73, '2026-04-04', '14:00:00'),
	(771, 15, 579.75, '2026-04-04', '18:00:00'),
	(772, 16, 402.99, '2026-04-04', '18:00:00'),
	(773, 17, 675.70, '2026-04-04', '18:00:00'),
	(774, 18, 969.51, '2026-04-04', '18:00:00'),
	(775, 19, 820.47, '2026-04-04', '18:00:00'),
	(778, 22, 0.92, '2026-04-04', '22:00:00'),
	(779, 23, 0.97, '2026-04-04', '22:00:00'),
	(780, 24, 0.98, '2026-04-04', '22:00:00'),
	(781, 25, 0.86, '2026-04-04', '22:00:00'),
	(782, 26, 0.93, '2026-04-04', '22:00:00'),
	(785, 1, 507.69, '2026-04-03', '10:00:00'),
	(786, 2, 750.01, '2026-04-03', '10:00:00'),
	(787, 3, 227.01, '2026-04-03', '10:00:00'),
	(788, 4, 485.00, '2026-04-03', '10:00:00'),
	(789, 5, 343.96, '2026-04-03', '10:00:00'),
	(792, 8, 135.75, '2026-04-03', '14:00:00'),
	(793, 9, 129.54, '2026-04-03', '14:00:00'),
	(794, 10, 132.44, '2026-04-03', '14:00:00'),
	(795, 11, 135.60, '2026-04-03', '14:00:00'),
	(796, 12, 132.67, '2026-04-03', '14:00:00'),
	(799, 15, 445.08, '2026-04-03', '18:00:00'),
	(800, 16, 1104.02, '2026-04-03', '18:00:00'),
	(801, 17, 584.83, '2026-04-03', '18:00:00'),
	(802, 18, 812.12, '2026-04-03', '18:00:00'),
	(803, 19, 1106.12, '2026-04-03', '18:00:00'),
	(806, 22, 0.97, '2026-04-03', '22:00:00'),
	(807, 23, 0.95, '2026-04-03', '22:00:00'),
	(808, 24, 0.97, '2026-04-03', '22:00:00'),
	(809, 25, 0.88, '2026-04-03', '22:00:00'),
	(810, 26, 0.90, '2026-04-03', '22:00:00'),
	(813, 1, 372.03, '2026-04-02', '10:00:00'),
	(814, 2, 397.66, '2026-04-02', '10:00:00'),
	(815, 3, 672.21, '2026-04-02', '10:00:00'),
	(816, 4, 768.07, '2026-04-02', '10:00:00'),
	(817, 5, 423.71, '2026-04-02', '10:00:00'),
	(820, 8, 128.24, '2026-04-02', '14:00:00'),
	(821, 9, 128.01, '2026-04-02', '14:00:00'),
	(822, 10, 137.34, '2026-04-02', '14:00:00'),
	(823, 11, 134.66, '2026-04-02', '14:00:00'),
	(824, 12, 133.28, '2026-04-02', '14:00:00'),
	(827, 15, 913.39, '2026-04-02', '18:00:00'),
	(828, 16, 900.04, '2026-04-02', '18:00:00'),
	(829, 17, 560.02, '2026-04-02', '18:00:00'),
	(830, 18, 500.00, '2026-04-02', '18:00:00'),
	(831, 19, 419.92, '2026-04-02', '18:00:00'),
	(834, 22, 0.95, '2026-04-02', '22:00:00'),
	(835, 23, 0.94, '2026-04-02', '22:00:00'),
	(836, 24, 0.87, '2026-04-02', '22:00:00'),
	(837, 25, 0.93, '2026-04-02', '22:00:00'),
	(838, 26, 0.91, '2026-04-02', '22:00:00'),
	(841, 1, 536.19, '2026-04-01', '10:00:00'),
	(842, 2, 475.82, '2026-04-01', '10:00:00'),
	(843, 3, 570.56, '2026-04-01', '10:00:00'),
	(844, 4, 625.32, '2026-04-01', '10:00:00'),
	(845, 5, 614.93, '2026-04-01', '10:00:00'),
	(848, 8, 131.31, '2026-04-01', '14:00:00'),
	(849, 9, 133.81, '2026-04-01', '14:00:00'),
	(850, 10, 137.11, '2026-04-01', '14:00:00'),
	(851, 11, 136.14, '2026-04-01', '14:00:00'),
	(852, 12, 131.37, '2026-04-01', '14:00:00'),
	(855, 15, 593.91, '2026-04-01', '18:00:00'),
	(856, 16, 560.67, '2026-04-01', '18:00:00'),
	(857, 17, 621.61, '2026-04-01', '18:00:00'),
	(858, 18, 1026.06, '2026-04-01', '18:00:00'),
	(859, 19, 465.48, '2026-04-01', '18:00:00'),
	(862, 22, 0.86, '2026-04-01', '22:00:00'),
	(863, 23, 0.86, '2026-04-01', '22:00:00'),
	(864, 24, 0.87, '2026-04-01', '22:00:00'),
	(865, 25, 0.91, '2026-04-01', '22:00:00'),
	(866, 26, 0.97, '2026-04-01', '22:00:00');

-- Volcando estructura para tabla estacion.pais
DROP TABLE IF EXISTS `pais`;
CREATE TABLE IF NOT EXISTS `pais` (
  `id` int(11) NOT NULL AUTO_INCREMENT,
  `nombre` varchar(100) DEFAULT NULL,
  PRIMARY KEY (`id`)
) ENGINE=InnoDB AUTO_INCREMENT=2 DEFAULT CHARSET=utf8mb4 COLLATE=utf8mb4_general_ci;

-- Volcando datos para la tabla estacion.pais: ~1 rows (aproximadamente)
INSERT INTO `pais` (`id`, `nombre`) VALUES
	(1, 'Argentina');

-- Volcando estructura para tabla estacion.provincia
DROP TABLE IF EXISTS `provincia`;
CREATE TABLE IF NOT EXISTS `provincia` (
  `id` int(11) NOT NULL AUTO_INCREMENT,
  `nombre` varchar(100) DEFAULT NULL,
  `pais_id` int(11) DEFAULT NULL,
  PRIMARY KEY (`id`),
  KEY `pais_id` (`pais_id`),
  CONSTRAINT `provincia_ibfk_1` FOREIGN KEY (`pais_id`) REFERENCES `pais` (`id`)
) ENGINE=InnoDB AUTO_INCREMENT=8 DEFAULT CHARSET=utf8mb4 COLLATE=utf8mb4_general_ci;

-- Volcando datos para la tabla estacion.provincia: ~7 rows (aproximadamente)
INSERT INTO `provincia` (`id`, `nombre`, `pais_id`) VALUES
	(1, 'Salta', 1),
	(2, 'Santa Fe', 1),
	(3, 'Mendoza', 1),
	(4, 'CABA', 1),
	(5, 'Córdoba', 1),
	(6, 'Neuquén', 1),
	(7, 'Tierra del Fuego', 1);

-- Volcando estructura para tabla estacion.sensor
DROP TABLE IF EXISTS `sensor`;
CREATE TABLE IF NOT EXISTS `sensor` (
  `id` int(11) NOT NULL AUTO_INCREMENT,
  `estacion_id` int(11) DEFAULT NULL,
  `tipo` enum('Tensión','Corriente','Potencia','Coseno φ') NOT NULL,
  `unidad_medida` varchar(10) DEFAULT NULL,
  PRIMARY KEY (`id`),
  KEY `estacion_id` (`estacion_id`),
  CONSTRAINT `sensor_ibfk_1` FOREIGN KEY (`estacion_id`) REFERENCES `estacion` (`id`) ON DELETE CASCADE
) ENGINE=InnoDB AUTO_INCREMENT=29 DEFAULT CHARSET=utf8mb4 COLLATE=utf8mb4_general_ci;

-- Volcando datos para la tabla estacion.sensor: ~20 rows (aproximadamente)
INSERT INTO `sensor` (`id`, `estacion_id`, `tipo`, `unidad_medida`) VALUES
	(1, 1, 'Potencia', 'MW'),
	(2, 2, 'Potencia', 'MW'),
	(3, 3, 'Potencia', 'MW'),
	(4, 4, 'Potencia', 'MW'),
	(5, 5, 'Potencia', 'MW'),
	(8, 1, 'Tensión', 'kV'),
	(9, 2, 'Tensión', 'kV'),
	(10, 3, 'Tensión', 'kV'),
	(11, 4, 'Tensión', 'kV'),
	(12, 5, 'Tensión', 'kV'),
	(15, 1, 'Corriente', 'A'),
	(16, 2, 'Corriente', 'A'),
	(17, 3, 'Corriente', 'A'),
	(18, 4, 'Corriente', 'A'),
	(19, 5, 'Corriente', 'A'),
	(22, 1, 'Coseno φ', 'φ'),
	(23, 2, 'Coseno φ', 'φ'),
	(24, 3, 'Coseno φ', 'φ'),
	(25, 4, 'Coseno φ', 'φ'),
	(26, 5, 'Coseno φ', 'φ');

-- Volcando estructura para tabla estacion.unidad
DROP TABLE IF EXISTS `unidad`;
CREATE TABLE IF NOT EXISTS `unidad` (
  `id` int(11) NOT NULL AUTO_INCREMENT,
  `nombre` varchar(50) DEFAULT NULL,
  PRIMARY KEY (`id`)
) ENGINE=InnoDB AUTO_INCREMENT=5 DEFAULT CHARSET=utf8mb4 COLLATE=utf8mb4_general_ci;

-- Volcando datos para la tabla estacion.unidad: ~4 rows (aproximadamente)
INSERT INTO `unidad` (`id`, `nombre`) VALUES
	(1, 'kV'),
	(2, 'A'),
	(3, 'MW'),
	(4, 'φ');

/*!40103 SET TIME_ZONE=IFNULL(@OLD_TIME_ZONE, 'system') */;
/*!40101 SET SQL_MODE=IFNULL(@OLD_SQL_MODE, '') */;
/*!40014 SET FOREIGN_KEY_CHECKS=IFNULL(@OLD_FOREIGN_KEY_CHECKS, 1) */;
/*!40101 SET CHARACTER_SET_CLIENT=@OLD_CHARACTER_SET_CLIENT */;
/*!40111 SET SQL_NOTES=IFNULL(@OLD_SQL_NOTES, 1) */;
